turn_nr,ref_know_nr,ref_know_avg_sentiment,ref_response_length,ref_response_sent_nr,ref_response_summary_sentiment,pred_know_nr,pred_know_avg_sentiment,pred_response_length,pred_response_sent_nr,pred_response_summary_sentiment,bleu,meteor,rouge1,rouge2,rougeL,appropriateness,relevance
2129.0,2129.0,2125.0,2129.0,2129.0,2129.0,2127.0,2122.0,2127.0,2127.0,2127.0,2127.0,2127.0,2127.0,2127.0,2127.0,0.0,0.0
8.43917332080789,4.07186472522311,0.3196517521595585,133.54673555659934,1.6899953029591357,0.2994890686636845,4.694875411377527,0.295623514705412,195.20874471086037,2.1871180065820406,0.10257750918285731,0.044047229947135454,0.14508018069775783,0.26953982268146554,0.079892431575883,0.20064678779746017,,
4.227015076757772,2.546374827798732,0.22294074579680834,32.04843608588113,0.6587314434878462,0.3008700487090567,3.1466936867187685,0.2106821377274086,94.59349906100381,0.9148937586127754,0.34620495792689515,0.03993004061341403,0.05867309978712816,0.1059741210271211,0.07887386929316605,0.09184339326843105,,
3.0,1.0,-1.0,98.0,1.0,-0.6125,0.0,-1.0,30.0,1.0,-0.55,0.0,0.0,0.0,0.0,0.0,,
5.0,3.0,0.1666666666666666,111.0,1.0,0.075,3.0,0.14679793792517004,124.0,2.0,-0.1666666666666666,0.019112606187475803,0.1035324061483618,0.19999999999999996,0.0084745762711864,0.1395348837209302,,
7.0,4.0,0.2900793650793651,124.0,2.0,0.2816666666666667,4.0,0.2916666666666667,177.0,2.0,0.1166666666666666,0.0301620086310072,0.1424361079512792,0.2650602409638554,0.0606060606060606,0.1875,,
11.0,5.0,0.4636111111111111,144.0,2.0,0.5,6.0,0.4593650793650794,247.0,3.0,0.3354166666666666,0.054083796481347896,0.18294153943948238,0.3333333333333333,0.1224489795918367,0.2461538461538461,,
27.0,28.0,1.0,326.0,5.0,1.0,47.0,1.0,517.0,10.0,1.0,0.3906823691875043,0.4051558862907225,0.7586206896551724,0.5882352941176471,0.7222222222222223,,
