,turn_nr,ref_know_nr,ref_know_avg_sentiment,ref_know_std_sentiment,ref_know_entropy_sentiment,ref_response_length,ref_response_sent_nr,ref_response_summary_sentiment
count,2129.0,2129.0,2125.0,1518.0,2084.0,2129.0,2129.0,2129.0
mean,8.43917332080789,4.07186472522311,0.3196517521595585,0.25259985321544104,inf,133.54673555659934,1.6899953029591357,0.29948906866368447
std,4.227015076757772,2.5463748277987324,0.22294074579680834,0.09996818986402231,,32.04843608588113,0.6587314434878462,0.3008700487090567
min,3.0,1.0,-1.0,0.0288675134594812,0.0,98.0,1.0,-0.6125
25%,5.0,3.0,0.1666666666666666,0.1802784832992388,0.0421804912587983,111.0,1.0,0.075
50%,7.0,4.0,0.2900793650793651,0.2251963832201748,0.2334541605914435,124.0,2.0,0.2816666666666667
75%,11.0,5.0,0.4636111111111111,0.3151806342393937,,144.0,2.0,0.5
max,27.0,28.0,1.0,0.7812485733320306,inf,326.0,5.0,1.0
