,turn_nr,ref_know_nr,ref_know_avg_sentiment,ref_response_length,ref_response_sent_nr,ref_response_summary_sentiment,ref_response_question?
count,14768.0,14768.0,14768.0,14768.0,14768.0,14768.0,14768.0
mean,8.293336944745395,3.795774647887324,0.28046108688503296,136.61050920910077,1.7077464788732395,0.21580176721864275,0.6499187432286024
std,4.189404678058175,2.4744931117754247,0.20758543363888085,33.49387232372028,0.652992331051699,0.2833635847872333,0.47701129761449457
min,3.0,1.0,-1.0,82.0,1.0,-1.0,0.0
25%,5.0,2.0,0.1525,113.0,1.0,0.0035119047619047,0.0
50%,7.0,3.0,0.292,127.0,2.0,0.20625,1.0
75%,11.0,5.0,0.4166666666666666,149.0,2.0,0.4,1.0
max,45.0,66.0,1.0,403.0,5.0,1.0,1.0
