,turn_nr,ref_know_nr,ref_know_avg_sentiment,ref_response_length,ref_response_sent_nr,ref_response_summary_sentiment,ref_response_question?
count,2129.0,2129.0,2129.0,2129.0,2129.0,2129.0,2129.0
mean,8.43917332080789,4.07186472522311,0.3123133394346477,133.54673555659934,1.6899953029591357,0.2994890686636845,0.6439643024894317
std,4.227015076757772,2.546374827798732,0.2176015451281906,32.04843608588113,0.6587314434878462,0.3008700487090567,0.47893843161880406
min,3.0,1.0,-1.0,98.0,1.0,-0.6125,0.0
25%,5.0,3.0,0.1555555555555555,111.0,1.0,0.075,0.0
50%,7.0,4.0,0.2877777777777778,124.0,2.0,0.2816666666666667,1.0
75%,11.0,5.0,0.4636111111111111,144.0,2.0,0.5,1.0
max,27.0,28.0,1.0,326.0,5.0,1.0,1.0
