,turn_nr,ref_know_nr,ref_know_avg_sentiment,ref_know_std_sentiment,ref_know_entropy_sentiment,ref_response_length,ref_response_sent_nr,ref_response_summary_sentiment
count,14768.0,14768.0,14688.0,8830.0,14226.0,14768.0,14768.0,14768.0
mean,8.293336944745395,3.795774647887324,0.29031158792845335,0.2902495337861618,inf,136.61050920910077,1.7077464788732395,0.21580176721864275
std,4.189404678058175,2.4744931117754247,0.22844754029731112,0.12245161912453251,,33.493872323720275,0.652992331051699,0.2833635847872332
min,3.0,1.0,-1.0,0.0103862145281336,0.0,82.0,1.0,-1.0
25%,5.0,2.0,0.1550595238095238,0.1960665856515849,0.0201355135506888,113.0,1.0,0.0035119047619047
50%,7.0,3.0,0.2964682539682539,0.2790544926536614,0.2545121007019495,127.0,2.0,0.20625
75%,11.0,5.0,0.4435846560846561,0.3689144665066465,,149.0,2.0,0.4
max,45.0,66.0,1.0,0.8324953348279425,inf,403.0,5.0,1.0
