,turn_nr,ref_know_nr,ref_know_avg_sentiment,ref_know_std_sentiment,ref_know_entropy_sentiment,ref_response_length,ref_response_sent_nr,ref_response_summary_sentiment
count,2798.0,2798.0,2785.0,1799.0,2757.0,2798.0,2798.0,2798.0
mean,8.360972122944961,4.205503931379557,0.2666310799068281,0.2787074271305058,inf,135.547891350965,1.6972837741243745,0.2039976366657555
std,4.163679126318214,3.243035784721718,0.25400769233241904,0.13343377513168106,,32.116258926533945,0.6551682152738281,0.3288443848814617
min,3.0,1.0,-0.4,0.0,0.0,58.0,1.0,-0.8
25%,5.0,2.0,0.0916666666666666,0.1888655137701604,0.0293718364945396,113.0,1.0,-0.0113636363636363
50%,7.0,4.0,0.2571428571428572,0.2644702034939951,0.4211178842194025,127.0,2.0,0.18
75%,11.0,5.0,0.4428571428571428,0.3573630273731927,,149.0,2.0,0.4333333333333333
max,29.0,60.0,1.0,0.8324953348279425,inf,368.0,5.0,1.0
